,protid,P,S,C,I,T,L
0,1aps_chain_A_frag_0_frame_1_A,4742,2783,2628,0.467,0.274,0.259
1,1aps_chain_A_frag_0_frame_2_A,6151,3298,3271,0.484,0.259,0.257
2,1aps_chain_A_frag_0_frame_3_A,5599,3302,2880,0.475,0.28,0.244
3,1aps_chain_A_frag_0_frame_4_A,5857,2943,3135,0.491,0.247,0.263
4,1aps_chain_A_frag_0_frame_5_A,5288,2886,3001,0.473,0.258,0.269
5,1ayi_chain_A_frag_0_frame_1_A,1438,4638,479,0.219,0.708,0.073
6,1azu_chain_A_frag_0_frame_1_A,5472,5104,2465,0.42,0.391,0.189
7,1ba5_chain_A_frag_0_frame_1_A,612,1857,381,0.215,0.652,0.134
8,1ba5_chain_A_frag_0_frame_10_A,476,1447,288,0.215,0.654,0.13
9,1ba5_chain_A_frag_0_frame_11_A,918,2312,511,0.245,0.618,0.137
10,1ba5_chain_A_frag_0_frame_12_A,865,2174,447,0.248,0.624,0.128
11,1ba5_chain_A_frag_0_frame_13_A,533,2126,344,0.177,0.708,0.115
12,1ba5_chain_A_frag_0_frame_14_A,550,1830,321,0.204,0.678,0.119
13,1ba5_chain_A_frag_0_frame_15_A,886,2416,526,0.231,0.631,0.137
14,1ba5_chain_A_frag_0_frame_16_A,765,1997,398,0.242,0.632,0.126
15,1ba5_chain_A_frag_0_frame_17_A,783,1659,408,0.275,0.582,0.143
16,1ba5_chain_A_frag_0_frame_18_A,519,1864,318,0.192,0.69,0.118
17,1ba5_chain_A_frag_0_frame_2_A,734,1779,413,0.251,0.608,0.141
18,1ba5_chain_A_frag_0_frame_3_A,934,1944,443,0.281,0.585,0.133
19,1ba5_chain_A_frag_0_frame_4_A,581,1582,322,0.234,0.637,0.13
20,1ba5_chain_A_frag_0_frame_5_A,723,1954,404,0.235,0.634,0.131
21,1ba5_chain_A_frag_0_frame_6_A,763,2197,443,0.224,0.646,0.13
22,1ba5_chain_A_frag_0_frame_7_A,668,1854,404,0.228,0.634,0.138
23,1ba5_chain_A_frag_0_frame_8_A,699,1898,406,0.233,0.632,0.135
24,1ba5_chain_A_frag_0_frame_9_A,731,2166,424,0.22,0.652,0.128
25,1bdc_chain_A_frag_0_frame_1_A,683,2335,385,0.201,0.686,0.113
26,1bdc_chain_A_frag_0_frame_10_A,732,2286,385,0.215,0.672,0.113
27,1bdc_chain_A_frag_0_frame_2_A,626,2564,380,0.175,0.718,0.106
28,1bdc_chain_A_frag_0_frame_3_A,720,2378,388,0.207,0.682,0.111
29,1bdc_chain_A_frag_0_frame_4_A,808,2328,434,0.226,0.652,0.122
30,1bdc_chain_A_frag_0_frame_5_A,808,2187,408,0.237,0.643,0.12
31,1bdc_chain_A_frag_0_frame_6_A,716,2445,409,0.201,0.685,0.115
32,1bdc_chain_A_frag_0_frame_7_A,465,1894,269,0.177,0.721,0.102
33,1bdc_chain_A_frag_0_frame_8_A,715,2372,399,0.205,0.68,0.114
34,1bdc_chain_A_frag_0_frame_9_A,660,2135,365,0.209,0.676,0.116
35,1c9o_chain_A_frag_0_frame_1_A,1091,1300,459,0.383,0.456,0.161
36,1coa_chain_I_frag_0_frame_1_I,1009,1480,514,0.336,0.493,0.171
37,1csp_chain_A_frag_0_frame_1_A,948,1069,398,0.393,0.443,0.165
38,1div_chain_A_frag_1_frame_1_A,472,1558,316,0.201,0.664,0.135
39,1div_chain_A_frag_58_frame_1_A,1896,3691,741,0.3,0.583,0.117
40,1dkt_chain_A_frag_0_frame_1_A,1315,1539,467,0.396,0.463,0.141
41,1e0l_chain_A_frag_0_frame_1_A,403,228,149,0.517,0.292,0.191
42,1e0l_chain_A_frag_0_frame_10_A,317,195,118,0.503,0.31,0.187
43,1e0l_chain_A_frag_0_frame_2_A,341,195,130,0.512,0.293,0.195
44,1e0l_chain_A_frag_0_frame_3_A,358,247,136,0.483,0.333,0.184
45,1e0l_chain_A_frag_0_frame_4_A,317,227,122,0.476,0.341,0.183
46,1e0l_chain_A_frag_0_frame_5_A,350,275,116,0.472,0.371,0.157
47,1e0l_chain_A_frag_0_frame_6_A,314,255,97,0.471,0.383,0.146
48,1e0l_chain_A_frag_0_frame_7_A,263,293,110,0.395,0.44,0.165
49,1e0l_chain_A_frag_0_frame_8_A,286,208,101,0.481,0.35,0.17
50,1e0l_chain_A_frag_0_frame_9_A,352,188,126,0.529,0.282,0.189
51,1e65_chain_A_frag_0_frame_1_A,6427,7503,2906,0.382,0.446,0.173
52,1fex_chain_A_frag_0_frame_1_A,481,1948,346,0.173,0.702,0.125
53,1fex_chain_A_frag_0_frame_10_A,765,2310,411,0.219,0.663,0.118
54,1fex_chain_A_frag_0_frame_11_A,619,2229,392,0.191,0.688,0.121
55,1fex_chain_A_frag_0_frame_12_A,575,2178,407,0.182,0.689,0.129
56,1fex_chain_A_frag_0_frame_13_A,537,2157,387,0.174,0.7,0.126
57,1fex_chain_A_frag_0_frame_14_A,586,2475,425,0.168,0.71,0.122
58,1fex_chain_A_frag_0_frame_15_A,439,2131,356,0.15,0.728,0.122
59,1fex_chain_A_frag_0_frame_16_A,535,2252,373,0.169,0.713,0.118
60,1fex_chain_A_frag_0_frame_17_A,521,2163,397,0.169,0.702,0.129
61,1fex_chain_A_frag_0_frame_18_A,484,2152,367,0.161,0.717,0.122
62,1fex_chain_A_frag_0_frame_19_A,465,1891,345,0.172,0.7,0.128
63,1fex_chain_A_frag_0_frame_2_A,920,2746,520,0.22,0.656,0.124
64,1fex_chain_A_frag_0_frame_20_A,651,2406,429,0.187,0.69,0.123
65,1fex_chain_A_frag_0_frame_21_A,716,2422,432,0.201,0.678,0.121
66,1fex_chain_A_frag_0_frame_22_A,529,2227,404,0.167,0.705,0.128
67,1fex_chain_A_frag_0_frame_23_A,671,2365,450,0.192,0.678,0.129
68,1fex_chain_A_frag_0_frame_24_A,645,2174,421,0.199,0.671,0.13
69,1fex_chain_A_frag_0_frame_25_A,423,2219,361,0.141,0.739,0.12
70,1fex_chain_A_frag_0_frame_3_A,559,2148,374,0.181,0.697,0.121
71,1fex_chain_A_frag_0_frame_4_A,635,2411,440,0.182,0.692,0.126
72,1fex_chain_A_frag_0_frame_5_A,697,2235,389,0.21,0.673,0.117
73,1fex_chain_A_frag_0_frame_6_A,635,2353,415,0.187,0.691,0.122
74,1fex_chain_A_frag_0_frame_7_A,635,2502,433,0.178,0.701,0.121
75,1fex_chain_A_frag_0_frame_8_A,783,2489,469,0.209,0.665,0.125
76,1fex_chain_A_frag_0_frame_9_A,691,2429,450,0.194,0.68,0.126
77,1fht_chain_A_frag_2_frame_1_A,4065,5076,1444,0.384,0.48,0.136
78,1fht_chain_A_frag_2_frame_10_A,4116,4986,1629,0.384,0.465,0.152
79,1fht_chain_A_frag_2_frame_11_A,3723,4731,1276,0.383,0.486,0.131
80,1fht_chain_A_frag_2_frame_12_A,3724,4963,1324,0.372,0.496,0.132
81,1fht_chain_A_frag_2_frame_13_A,3239,4159,1117,0.38,0.488,0.131
82,1fht_chain_A_frag_2_frame_14_A,3995,5173,1563,0.372,0.482,0.146
83,1fht_chain_A_frag_2_frame_15_A,3844,5111,1341,0.373,0.496,0.13
84,1fht_chain_A_frag_2_frame_16_A,4233,4677,1530,0.405,0.448,0.147
85,1fht_chain_A_frag_2_frame_17_A,3785,5431,1224,0.363,0.52,0.117
86,1fht_chain_A_frag_2_frame_18_A,3362,4665,1289,0.361,0.501,0.138
87,1fht_chain_A_frag_2_frame_19_A,4328,4821,1436,0.409,0.455,0.136
88,1fht_chain_A_frag_2_frame_2_A,2901,4441,1173,0.341,0.522,0.138
89,1fht_chain_A_frag_2_frame_20_A,4445,4878,1555,0.409,0.448,0.143
90,1fht_chain_A_frag_2_frame_21_A,4369,5689,1570,0.376,0.489,0.135
91,1fht_chain_A_frag_2_frame_22_A,4334,5126,1566,0.393,0.465,0.142
92,1fht_chain_A_frag_2_frame_23_A,3871,4880,1545,0.376,0.474,0.15
93,1fht_chain_A_frag_2_frame_24_A,3331,4512,1202,0.368,0.499,0.133
94,1fht_chain_A_frag_2_frame_25_A,4557,6017,1672,0.372,0.491,0.137
95,1fht_chain_A_frag_2_frame_26_A,3996,5231,1504,0.372,0.487,0.14
96,1fht_chain_A_frag_2_frame_27_A,3709,5396,1335,0.355,0.517,0.128
97,1fht_chain_A_frag_2_frame_28_A,3901,4733,1377,0.39,0.473,0.138
98,1fht_chain_A_frag_2_frame_29_A,4190,4803,1447,0.401,0.46,0.139
99,1fht_chain_A_frag_2_frame_3_A,3339,4809,1305,0.353,0.509,0.138
100,1fht_chain_A_frag_2_frame_30_A,3371,4629,1316,0.362,0.497,0.141
101,1fht_chain_A_frag_2_frame_31_A,3367,4528,1421,0.361,0.486,0.153
102,1fht_chain_A_frag_2_frame_32_A,3888,5315,1382,0.367,0.502,0.131
103,1fht_chain_A_frag_2_frame_33_A,4071,5831,1574,0.355,0.508,0.137
104,1fht_chain_A_frag_2_frame_34_A,3515,4284,1246,0.389,0.474,0.138
105,1fht_chain_A_frag_2_frame_35_A,4780,6291,1649,0.376,0.495,0.13
106,1fht_chain_A_frag_2_frame_36_A,3050,3996,1210,0.369,0.484,0.147
107,1fht_chain_A_frag_2_frame_37_A,4226,5492,1457,0.378,0.491,0.13
108,1fht_chain_A_frag_2_frame_38_A,3843,5283,1459,0.363,0.499,0.138
109,1fht_chain_A_frag_2_frame_39_A,3687,4294,1335,0.396,0.461,0.143
110,1fht_chain_A_frag_2_frame_4_A,3525,4337,1454,0.378,0.466,0.156
111,1fht_chain_A_frag_2_frame_40_A,3659,4850,1361,0.371,0.491,0.138
112,1fht_chain_A_frag_2_frame_41_A,4049,4525,1437,0.404,0.452,0.144
113,1fht_chain_A_frag_2_frame_42_A,3511,4484,1321,0.377,0.481,0.142
114,1fht_chain_A_frag_2_frame_43_A,3812,4309,1609,0.392,0.443,0.165
115,1fht_chain_A_frag_2_frame_5_A,4081,4815,1544,0.391,0.461,0.148
116,1fht_chain_A_frag_2_frame_6_A,3816,5319,1450,0.361,0.503,0.137
117,1fht_chain_A_frag_2_frame_7_A,4523,5754,1658,0.379,0.482,0.139
118,1fht_chain_A_frag_2_frame_8_A,3224,4504,1317,0.356,0.498,0.146
119,1fht_chain_A_frag_2_frame_9_A,3383,4803,1267,0.358,0.508,0.134
120,1fkb_chain_A_frag_0_frame_1_A,4748,4389,1741,0.436,0.403,0.16
121,1fyn_chain_A_frag_0_frame_1_A,1424,1065,437,0.487,0.364,0.149
122,1g6p_chain_A_frag_0_frame_1_A,1445,1680,880,0.361,0.419,0.22
123,1g6p_chain_A_frag_0_frame_2_A,1420,1583,738,0.38,0.423,0.197
124,1g6p_chain_A_frag_0_frame_3_A,1324,1540,791,0.362,0.421,0.216
125,1g6p_chain_A_frag_0_frame_4_A,1213,1524,666,0.356,0.448,0.196
126,1g6p_chain_A_frag_0_frame_5_A,1374,1492,875,0.367,0.399,0.234
127,1g6p_chain_A_frag_0_frame_6_A,1532,1669,1077,0.358,0.39,0.252
128,1g6p_chain_A_frag_0_frame_7_A,1441,1770,794,0.36,0.442,0.198
129,1hko_chain_A_frag_0_frame_1_A,3515,5597,1328,0.337,0.536,0.127
130,1hko_chain_A_frag_0_frame_10_A,3316,5636,1201,0.327,0.555,0.118
131,1hko_chain_A_frag_0_frame_11_A,3837,5933,1405,0.343,0.531,0.126
132,1hko_chain_A_frag_0_frame_12_A,3562,6126,1338,0.323,0.556,0.121
133,1hko_chain_A_frag_0_frame_13_A,3256,5418,1196,0.33,0.549,0.121
134,1hko_chain_A_frag_0_frame_14_A,3725,5711,1442,0.342,0.525,0.133
135,1hko_chain_A_frag_0_frame_15_A,3096,5325,1170,0.323,0.555,0.122
136,1hko_chain_A_frag_0_frame_16_A,3344,6015,1226,0.316,0.568,0.116
137,1hko_chain_A_frag_0_frame_17_A,3246,5274,1210,0.334,0.542,0.124
138,1hko_chain_A_frag_0_frame_18_A,3470,5746,1369,0.328,0.543,0.129
139,1hko_chain_A_frag_0_frame_19_A,3382,5684,1374,0.324,0.544,0.132
140,1hko_chain_A_frag_0_frame_2_A,3664,5537,1384,0.346,0.523,0.131
141,1hko_chain_A_frag_0_frame_20_A,2953,4892,933,0.336,0.557,0.106
142,1hko_chain_A_frag_0_frame_21_A,4019,6128,1634,0.341,0.52,0.139
143,1hko_chain_A_frag_0_frame_22_A,3427,5768,1390,0.324,0.545,0.131
144,1hko_chain_A_frag_0_frame_23_A,3291,5693,1169,0.324,0.561,0.115
145,1hko_chain_A_frag_0_frame_24_A,3536,5663,1532,0.33,0.528,0.143
146,1hko_chain_A_frag_0_frame_25_A,3547,5829,1209,0.335,0.551,0.114
147,1hko_chain_A_frag_0_frame_26_A,3597,5727,1407,0.335,0.534,0.131
148,1hko_chain_A_frag_0_frame_27_A,3784,5825,1417,0.343,0.528,0.129
149,1hko_chain_A_frag_0_frame_28_A,3584,6005,1437,0.325,0.545,0.13
150,1hko_chain_A_frag_0_frame_29_A,3756,6287,1433,0.327,0.548,0.125
151,1hko_chain_A_frag_0_frame_3_A,3628,5840,1410,0.334,0.537,0.13
152,1hko_chain_A_frag_0_frame_30_A,3422,5500,1231,0.337,0.542,0.121
153,1hko_chain_A_frag_0_frame_31_A,3410,5644,1242,0.331,0.548,0.121
154,1hko_chain_A_frag_0_frame_32_A,3498,6587,1391,0.305,0.574,0.121
155,1hko_chain_A_frag_0_frame_33_A,3097,5638,1276,0.309,0.563,0.127
156,1hko_chain_A_frag_0_frame_34_A,3648,6118,1409,0.326,0.547,0.126
157,1hko_chain_A_frag_0_frame_35_A,3409,5036,1285,0.35,0.518,0.132
158,1hko_chain_A_frag_0_frame_36_A,3762,6415,1451,0.324,0.552,0.125
159,1hko_chain_A_frag_0_frame_37_A,3372,5401,1238,0.337,0.54,0.124
160,1hko_chain_A_frag_0_frame_38_A,3282,5950,1208,0.314,0.57,0.116
161,1hko_chain_A_frag_0_frame_39_A,3270,5463,1137,0.331,0.553,0.115
162,1hko_chain_A_frag_0_frame_4_A,3555,5982,1341,0.327,0.55,0.123
163,1hko_chain_A_frag_0_frame_40_A,3353,5670,1130,0.33,0.558,0.111
164,1hko_chain_A_frag_0_frame_41_A,3725,5719,1434,0.342,0.526,0.132
165,1hko_chain_A_frag_0_frame_42_A,3740,5834,1452,0.339,0.529,0.132
166,1hko_chain_A_frag_0_frame_5_A,3778,5928,1320,0.343,0.538,0.12
167,1hko_chain_A_frag_0_frame_6_A,3583,5758,1390,0.334,0.537,0.13
168,1hko_chain_A_frag_0_frame_7_A,3381,5913,1291,0.319,0.559,0.122
169,1hko_chain_A_frag_0_frame_8_A,3687,5445,1308,0.353,0.522,0.125
170,1hko_chain_A_frag_0_frame_9_A,3883,6058,1535,0.338,0.528,0.134
171,1imq_chain_A_frag_0_frame_1_A,2638,5846,832,0.283,0.628,0.089
172,1jmq_chain_A_frag_1_frame_1_A,578,278,225,0.535,0.257,0.208
173,1jmq_chain_A_frag_1_frame_10_A,504,312,219,0.487,0.301,0.212
174,1jmq_chain_A_frag_1_frame_11_A,545,251,150,0.576,0.265,0.159
175,1jmq_chain_A_frag_1_frame_12_A,515,321,245,0.476,0.297,0.227
176,1jmq_chain_A_frag_1_frame_13_A,458,285,203,0.484,0.301,0.215
177,1jmq_chain_A_frag_1_frame_14_A,565,332,231,0.501,0.294,0.205
178,1jmq_chain_A_frag_1_frame_15_A,444,339,207,0.448,0.342,0.209
179,1jmq_chain_A_frag_1_frame_16_A,651,339,186,0.554,0.288,0.158
180,1jmq_chain_A_frag_1_frame_17_A,505,199,157,0.587,0.231,0.182
181,1jmq_chain_A_frag_1_frame_18_A,640,296,145,0.592,0.274,0.134
182,1jmq_chain_A_frag_1_frame_19_A,347,220,136,0.494,0.313,0.193
183,1jmq_chain_A_frag_1_frame_2_A,566,410,249,0.462,0.335,0.203
184,1jmq_chain_A_frag_1_frame_20_A,428,269,206,0.474,0.298,0.228
185,1jmq_chain_A_frag_1_frame_3_A,565,344,219,0.501,0.305,0.194
186,1jmq_chain_A_frag_1_frame_4_A,438,250,215,0.485,0.277,0.238
187,1jmq_chain_A_frag_1_frame_5_A,504,288,198,0.509,0.291,0.2
188,1jmq_chain_A_frag_1_frame_6_A,577,344,207,0.512,0.305,0.184
189,1jmq_chain_A_frag_1_frame_7_A,351,269,200,0.428,0.328,0.244
190,1jmq_chain_A_frag_1_frame_8_A,646,307,272,0.527,0.251,0.222
191,1jmq_chain_A_frag_1_frame_9_A,506,338,237,0.468,0.313,0.219
192,1jo8_chain_A_frag_0_frame_1_A,1553,1066,462,0.504,0.346,0.15
193,1k0s_chain_A_frag_0_frame_1_A,6196,10056,2663,0.328,0.532,0.141
194,1k0s_chain_A_frag_0_frame_10_A,5629,9948,2189,0.317,0.56,0.123
195,1k0s_chain_A_frag_0_frame_11_A,6555,10705,2640,0.329,0.538,0.133
196,1k0s_chain_A_frag_0_frame_12_A,5488,9714,2189,0.316,0.559,0.126
197,1k0s_chain_A_frag_0_frame_13_A,5238,9373,2225,0.311,0.557,0.132
198,1k0s_chain_A_frag_0_frame_14_A,6162,10283,2665,0.322,0.538,0.139
199,1k0s_chain_A_frag_0_frame_15_A,6168,9227,2371,0.347,0.519,0.133
200,1k0s_chain_A_frag_0_frame_16_A,7073,9544,2689,0.366,0.494,0.139
201,1k0s_chain_A_frag_0_frame_17_A,5599,10297,2249,0.309,0.567,0.124
202,1k0s_chain_A_frag_0_frame_18_A,6278,9385,2673,0.342,0.512,0.146
203,1k0s_chain_A_frag_0_frame_19_A,6218,10099,2404,0.332,0.539,0.128
204,1k0s_chain_A_frag_0_frame_2_A,6399,10761,2740,0.322,0.541,0.138
205,1k0s_chain_A_frag_0_frame_20_A,5951,9653,2351,0.331,0.538,0.131
206,1k0s_chain_A_frag_0_frame_3_A,6416,9064,2665,0.354,0.5,0.147
207,1k0s_chain_A_frag_0_frame_4_A,5898,9741,2316,0.328,0.543,0.129
208,1k0s_chain_A_frag_0_frame_5_A,7106,10476,3328,0.34,0.501,0.159
209,1k0s_chain_A_frag_0_frame_6_A,6122,9339,2305,0.345,0.526,0.13
210,1k0s_chain_A_frag_0_frame_7_A,6323,8675,2580,0.36,0.494,0.147
211,1k0s_chain_A_frag_0_frame_8_A,6558,9551,2806,0.347,0.505,0.148
212,1k0s_chain_A_frag_0_frame_9_A,5516,8002,2235,0.35,0.508,0.142
213,1k8m_chain_A_frag_0_frame_1_A,2628,1117,720,0.589,0.25,0.161
214,1l2y_chain_A_frag_0_frame_1_A,98,72,61,0.424,0.312,0.264
215,1l2y_chain_A_frag_0_frame_10_A,98,56,56,0.467,0.267,0.267
216,1l2y_chain_A_frag_0_frame_11_A,94,59,57,0.448,0.281,0.271
217,1l2y_chain_A_frag_0_frame_12_A,135,69,72,0.489,0.25,0.261
218,1l2y_chain_A_frag_0_frame_13_A,98,57,55,0.467,0.271,0.262
219,1l2y_chain_A_frag_0_frame_14_A,86,63,61,0.41,0.3,0.29
220,1l2y_chain_A_frag_0_frame_15_A,100,69,62,0.433,0.299,0.268
221,1l2y_chain_A_frag_0_frame_16_A,80,86,65,0.346,0.372,0.281
222,1l2y_chain_A_frag_0_frame_17_A,86,80,65,0.372,0.346,0.281
223,1l2y_chain_A_frag_0_frame_18_A,101,45,44,0.532,0.237,0.232
224,1l2y_chain_A_frag_0_frame_19_A,99,56,55,0.471,0.267,0.262
225,1l2y_chain_A_frag_0_frame_2_A,78,72,60,0.371,0.343,0.286
226,1l2y_chain_A_frag_0_frame_20_A,100,72,59,0.433,0.312,0.255
227,1l2y_chain_A_frag_0_frame_21_A,116,71,66,0.458,0.281,0.261
228,1l2y_chain_A_frag_0_frame_22_A,119,85,72,0.431,0.308,0.261
229,1l2y_chain_A_frag_0_frame_23_A,83,66,61,0.395,0.314,0.29
230,1l2y_chain_A_frag_0_frame_24_A,82,62,66,0.39,0.295,0.314
231,1l2y_chain_A_frag_0_frame_25_A,95,80,78,0.375,0.316,0.308
232,1l2y_chain_A_frag_0_frame_26_A,70,49,52,0.409,0.287,0.304
233,1l2y_chain_A_frag_0_frame_27_A,110,87,79,0.399,0.315,0.286
234,1l2y_chain_A_frag_0_frame_28_A,118,56,57,0.511,0.242,0.247
235,1l2y_chain_A_frag_0_frame_29_A,84,45,42,0.491,0.263,0.246
236,1l2y_chain_A_frag_0_frame_3_A,92,52,66,0.438,0.248,0.314
237,1l2y_chain_A_frag_0_frame_30_A,78,56,56,0.411,0.295,0.295
238,1l2y_chain_A_frag_0_frame_31_A,80,61,69,0.381,0.29,0.329
239,1l2y_chain_A_frag_0_frame_32_A,103,74,54,0.446,0.32,0.234
240,1l2y_chain_A_frag_0_frame_33_A,83,59,48,0.437,0.311,0.253
241,1l2y_chain_A_frag_0_frame_34_A,78,55,57,0.411,0.289,0.3
242,1l2y_chain_A_frag_0_frame_35_A,109,61,61,0.472,0.264,0.264
243,1l2y_chain_A_frag_0_frame_36_A,92,68,71,0.398,0.294,0.307
244,1l2y_chain_A_frag_0_frame_37_A,109,61,61,0.472,0.264,0.264
245,1l2y_chain_A_frag_0_frame_38_A,77,56,57,0.405,0.295,0.3
246,1l2y_chain_A_frag_0_frame_4_A,77,72,61,0.367,0.343,0.29
247,1l2y_chain_A_frag_0_frame_5_A,106,72,53,0.459,0.312,0.229
248,1l2y_chain_A_frag_0_frame_6_A,111,69,73,0.439,0.273,0.289
249,1l2y_chain_A_frag_0_frame_7_A,97,57,56,0.462,0.271,0.267
250,1l2y_chain_A_frag_0_frame_8_A,78,80,52,0.371,0.381,0.248
251,1l2y_chain_A_frag_0_frame_9_A,88,49,53,0.463,0.258,0.279
252,1l8w_chain_B_frag_0_frame_1_B,15695,77385,4381,0.161,0.794,0.045
253,1m9s_chain_A_frag_391_frame_1_A,1660,1246,664,0.465,0.349,0.186
254,1mjc_chain_A_frag_0_frame_1_A,1072,1241,462,0.386,0.447,0.166
255,1n88_chain_A_frag_0_frame_1_A,2614,4671,971,0.317,0.566,0.118
256,1n88_chain_A_frag_0_frame_10_A,2610,4427,1091,0.321,0.545,0.134
257,1n88_chain_A_frag_0_frame_11_A,2792,4614,1240,0.323,0.534,0.143
258,1n88_chain_A_frag_0_frame_12_A,2896,4853,1162,0.325,0.545,0.13
259,1n88_chain_A_frag_0_frame_13_A,2613,4429,1214,0.316,0.536,0.147
260,1n88_chain_A_frag_0_frame_14_A,2887,4607,1021,0.339,0.541,0.12
261,1n88_chain_A_frag_0_frame_15_A,2558,4202,1115,0.325,0.534,0.142
262,1n88_chain_A_frag_0_frame_16_A,1949,3695,797,0.303,0.574,0.124
263,1n88_chain_A_frag_0_frame_17_A,2700,4367,1061,0.332,0.537,0.131
264,1n88_chain_A_frag_0_frame_18_A,2441,4351,1083,0.31,0.553,0.138
265,1n88_chain_A_frag_0_frame_19_A,2381,4147,853,0.323,0.562,0.116
266,1n88_chain_A_frag_0_frame_2_A,2182,3732,989,0.316,0.541,0.143
267,1n88_chain_A_frag_0_frame_20_A,2400,4076,905,0.325,0.552,0.123
268,1n88_chain_A_frag_0_frame_21_A,2749,4225,1027,0.344,0.528,0.128
269,1n88_chain_A_frag_0_frame_22_A,2674,4349,1233,0.324,0.527,0.149
270,1n88_chain_A_frag_0_frame_23_A,2694,4882,1070,0.312,0.565,0.124
271,1n88_chain_A_frag_0_frame_24_A,3202,4680,1298,0.349,0.51,0.141
272,1n88_chain_A_frag_0_frame_25_A,2543,4401,1057,0.318,0.55,0.132
273,1n88_chain_A_frag_0_frame_26_A,2930,4849,1132,0.329,0.544,0.127
274,1n88_chain_A_frag_0_frame_27_A,2711,4681,1123,0.318,0.55,0.132
275,1n88_chain_A_frag_0_frame_28_A,2471,4671,986,0.304,0.575,0.121
276,1n88_chain_A_frag_0_frame_29_A,2754,4166,1081,0.344,0.521,0.135
277,1n88_chain_A_frag_0_frame_3_A,2485,4462,1054,0.311,0.558,0.132
278,1n88_chain_A_frag_0_frame_4_A,2861,5066,1389,0.307,0.544,0.149
279,1n88_chain_A_frag_0_frame_5_A,2914,4848,1016,0.332,0.552,0.116
280,1n88_chain_A_frag_0_frame_6_A,2627,4250,1251,0.323,0.523,0.154
281,1n88_chain_A_frag_0_frame_7_A,3193,5137,1540,0.324,0.52,0.156
282,1n88_chain_A_frag_0_frame_8_A,2159,4129,972,0.297,0.569,0.134
283,1n88_chain_A_frag_0_frame_9_A,2836,4483,1066,0.338,0.535,0.127
284,1nti_chain_A_frag_0_frame_1_A,2536,7385,957,0.233,0.679,0.088
285,1nti_chain_A_frag_0_frame_10_A,2387,7289,909,0.226,0.689,0.086
286,1nti_chain_A_frag_0_frame_11_A,2957,7810,1014,0.251,0.663,0.086
287,1nti_chain_A_frag_0_frame_12_A,2832,7207,987,0.257,0.654,0.09
288,1nti_chain_A_frag_0_frame_13_A,2230,7032,891,0.22,0.693,0.088
289,1nti_chain_A_frag_0_frame_14_A,2708,7516,951,0.242,0.673,0.085
290,1nti_chain_A_frag_0_frame_15_A,2951,7038,889,0.271,0.647,0.082
291,1nti_chain_A_frag_0_frame_16_A,2543,7424,911,0.234,0.682,0.084
292,1nti_chain_A_frag_0_frame_17_A,3548,7502,1040,0.293,0.621,0.086
293,1nti_chain_A_frag_0_frame_18_A,3244,7214,1018,0.283,0.629,0.089
294,1nti_chain_A_frag_0_frame_19_A,3492,8437,1112,0.268,0.647,0.085
295,1nti_chain_A_frag_0_frame_2_A,3228,8026,1149,0.26,0.647,0.093
296,1nti_chain_A_frag_0_frame_20_A,3095,7958,1037,0.256,0.658,0.086
297,1nti_chain_A_frag_0_frame_3_A,3014,8266,966,0.246,0.675,0.079
298,1nti_chain_A_frag_0_frame_4_A,3129,7545,1107,0.266,0.64,0.094
299,1nti_chain_A_frag_0_frame_5_A,3662,8108,1110,0.284,0.63,0.086
300,1nti_chain_A_frag_0_frame_6_A,2641,7647,1037,0.233,0.675,0.092
301,1nti_chain_A_frag_0_frame_7_A,2939,7290,946,0.263,0.652,0.085
302,1nti_chain_A_frag_0_frame_8_A,2845,7040,993,0.262,0.647,0.091
303,1nti_chain_A_frag_0_frame_9_A,2669,7277,932,0.245,0.669,0.086
304,1nyg_chain_A_frag_0_frame_1_A,1352,950,473,0.487,0.342,0.17
305,1nyg_chain_A_frag_0_frame_10_A,1313,1020,517,0.461,0.358,0.181
306,1nyg_chain_A_frag_0_frame_11_A,1201,1037,463,0.445,0.384,0.171
307,1nyg_chain_A_frag_0_frame_12_A,1418,1038,394,0.498,0.364,0.138
308,1nyg_chain_A_frag_0_frame_13_A,1169,806,371,0.498,0.344,0.158
309,1nyg_chain_A_frag_0_frame_14_A,993,787,300,0.477,0.378,0.144
310,1nyg_chain_A_frag_0_frame_15_A,1373,899,503,0.495,0.324,0.181
311,1nyg_chain_A_frag_0_frame_16_A,1383,959,433,0.498,0.346,0.156
312,1nyg_chain_A_frag_0_frame_17_A,1336,1012,427,0.481,0.365,0.154
313,1nyg_chain_A_frag_0_frame_18_A,1327,1033,490,0.466,0.362,0.172
314,1nyg_chain_A_frag_0_frame_19_A,1406,1032,488,0.481,0.353,0.167
315,1nyg_chain_A_frag_0_frame_2_A,1181,865,439,0.475,0.348,0.177
316,1nyg_chain_A_frag_0_frame_20_A,1310,1077,463,0.46,0.378,0.162
317,1nyg_chain_A_frag_0_frame_3_A,1415,1007,504,0.484,0.344,0.172
318,1nyg_chain_A_frag_0_frame_4_A,1146,761,371,0.503,0.334,0.163
319,1nyg_chain_A_frag_0_frame_5_A,1336,1084,430,0.469,0.38,0.151
320,1nyg_chain_A_frag_0_frame_6_A,1227,814,444,0.494,0.328,0.179
321,1nyg_chain_A_frag_0_frame_7_A,1236,883,437,0.484,0.345,0.171
322,1nyg_chain_A_frag_0_frame_8_A,1188,894,403,0.478,0.36,0.162
323,1nyg_chain_A_frag_0_frame_9_A,1122,776,380,0.493,0.341,0.167
324,1o6x_chain_A_frag_0_frame_1_A,1757,1851,487,0.429,0.452,0.119
325,1o6x_chain_A_frag_0_frame_10_A,1994,1931,446,0.456,0.442,0.102
326,1o6x_chain_A_frag_0_frame_11_A,1788,2107,476,0.409,0.482,0.109
327,1o6x_chain_A_frag_0_frame_12_A,1581,1899,436,0.404,0.485,0.111
328,1o6x_chain_A_frag_0_frame_13_A,1900,2071,494,0.426,0.464,0.111
329,1o6x_chain_A_frag_0_frame_14_A,1965,2099,496,0.431,0.46,0.109
330,1o6x_chain_A_frag_0_frame_15_A,1767,1925,494,0.422,0.46,0.118
331,1o6x_chain_A_frag_0_frame_16_A,1594,1940,471,0.398,0.484,0.118
332,1o6x_chain_A_frag_0_frame_17_A,1740,2071,467,0.407,0.484,0.109
333,1o6x_chain_A_frag_0_frame_18_A,2007,2087,466,0.44,0.458,0.102
334,1o6x_chain_A_frag_0_frame_19_A,1931,1964,476,0.442,0.449,0.109
335,1o6x_chain_A_frag_0_frame_2_A,1638,2012,445,0.4,0.491,0.109
336,1o6x_chain_A_frag_0_frame_20_A,1757,2004,517,0.411,0.468,0.121
337,1o6x_chain_A_frag_0_frame_3_A,1989,2207,557,0.418,0.464,0.117
338,1o6x_chain_A_frag_0_frame_4_A,1711,2115,452,0.4,0.494,0.106
339,1o6x_chain_A_frag_0_frame_5_A,1575,1875,466,0.402,0.479,0.119
340,1o6x_chain_A_frag_0_frame_6_A,1893,2024,454,0.433,0.463,0.104
341,1o6x_chain_A_frag_0_frame_7_A,1681,2032,473,0.402,0.485,0.113
342,1o6x_chain_A_frag_0_frame_8_A,1857,2187,516,0.407,0.48,0.113
343,1o6x_chain_A_frag_0_frame_9_A,1900,2039,432,0.435,0.466,0.099
344,1opd_chain_A_frag_0_frame_1_A,2657,3411,835,0.385,0.494,0.121
345,1pgb_chain_A_frag_0_frame_1_A,1113,1600,608,0.335,0.482,0.183
346,1pnj_chain_A_frag_0_frame_1_A,1311,1125,414,0.46,0.395,0.145
347,1prs_chain_A_frag_1_frame_1_A,1593,2362,896,0.328,0.487,0.185
348,1prs_chain_A_frag_1_frame_10_A,1492,2281,787,0.327,0.5,0.173
349,1prs_chain_A_frag_1_frame_11_A,1833,2681,1157,0.323,0.473,0.204
350,1prs_chain_A_frag_1_frame_12_A,1593,2331,927,0.328,0.481,0.191
351,1prs_chain_A_frag_1_frame_13_A,1489,2149,922,0.327,0.471,0.202
352,1prs_chain_A_frag_1_frame_14_A,1677,2392,1184,0.319,0.455,0.225
353,1prs_chain_A_frag_1_frame_15_A,1607,2618,825,0.318,0.518,0.163
354,1prs_chain_A_frag_1_frame_16_A,1632,2505,813,0.33,0.506,0.164
355,1prs_chain_A_frag_1_frame_17_A,1505,2096,959,0.33,0.46,0.21
356,1prs_chain_A_frag_1_frame_18_A,1401,2212,852,0.314,0.495,0.191
357,1prs_chain_A_frag_1_frame_19_A,1351,2010,644,0.337,0.502,0.161
358,1prs_chain_A_frag_1_frame_2_A,1528,2083,949,0.335,0.457,0.208
359,1prs_chain_A_frag_1_frame_20_A,1503,2308,942,0.316,0.486,0.198
360,1prs_chain_A_frag_1_frame_21_A,1326,1975,794,0.324,0.482,0.194
361,1prs_chain_A_frag_1_frame_22_A,1521,2234,805,0.334,0.49,0.177
362,1prs_chain_A_frag_1_frame_23_A,1357,2274,740,0.31,0.52,0.169
363,1prs_chain_A_frag_1_frame_24_A,1572,2181,1000,0.331,0.459,0.21
364,1prs_chain_A_frag_1_frame_25_A,1377,2180,814,0.315,0.499,0.186
365,1prs_chain_A_frag_1_frame_26_A,1603,2390,1057,0.317,0.473,0.209
366,1prs_chain_A_frag_1_frame_27_A,1724,2647,882,0.328,0.504,0.168
367,1prs_chain_A_frag_1_frame_28_A,1548,2274,931,0.326,0.478,0.196
368,1prs_chain_A_frag_1_frame_29_A,1516,2177,867,0.332,0.477,0.19
369,1prs_chain_A_frag_1_frame_3_A,1442,1984,852,0.337,0.464,0.199
370,1prs_chain_A_frag_1_frame_30_A,1309,1939,847,0.32,0.474,0.207
371,1prs_chain_A_frag_1_frame_4_A,1127,1842,601,0.316,0.516,0.168
372,1prs_chain_A_frag_1_frame_5_A,1471,2442,743,0.316,0.524,0.16
373,1prs_chain_A_frag_1_frame_6_A,1556,2282,818,0.334,0.49,0.176
374,1prs_chain_A_frag_1_frame_7_A,1344,2010,741,0.328,0.491,0.181
375,1prs_chain_A_frag_1_frame_8_A,1525,2213,1015,0.321,0.466,0.214
376,1prs_chain_A_frag_1_frame_9_A,1684,2311,955,0.34,0.467,0.193
377,1prs_chain_A_frag_91_frame_1_A,1196,1570,637,0.351,0.461,0.187
378,1prs_chain_A_frag_91_frame_10_A,1443,1992,843,0.337,0.466,0.197
379,1prs_chain_A_frag_91_frame_11_A,1412,1988,878,0.33,0.465,0.205
380,1prs_chain_A_frag_91_frame_12_A,1379,2118,874,0.315,0.485,0.2
381,1prs_chain_A_frag_91_frame_13_A,1390,2073,723,0.332,0.495,0.173
382,1prs_chain_A_frag_91_frame_14_A,1485,2090,890,0.333,0.468,0.199
383,1prs_chain_A_frag_91_frame_15_A,1255,1851,722,0.328,0.484,0.189
384,1prs_chain_A_frag_91_frame_16_A,1214,1792,735,0.325,0.479,0.196
385,1prs_chain_A_frag_91_frame_17_A,1587,2311,953,0.327,0.476,0.196
386,1prs_chain_A_frag_91_frame_18_A,1439,2132,800,0.329,0.488,0.183
387,1prs_chain_A_frag_91_frame_19_A,1525,2042,898,0.342,0.457,0.201
388,1prs_chain_A_frag_91_frame_2_A,1665,2263,923,0.343,0.467,0.19
389,1prs_chain_A_frag_91_frame_20_A,1641,1965,954,0.36,0.431,0.209
390,1prs_chain_A_frag_91_frame_21_A,1494,2037,840,0.342,0.466,0.192
391,1prs_chain_A_frag_91_frame_22_A,1322,1688,645,0.362,0.462,0.176
392,1prs_chain_A_frag_91_frame_23_A,1152,1905,684,0.308,0.509,0.183
393,1prs_chain_A_frag_91_frame_24_A,1258,1696,701,0.344,0.464,0.192
394,1prs_chain_A_frag_91_frame_25_A,1337,2188,753,0.313,0.511,0.176
395,1prs_chain_A_frag_91_frame_26_A,1296,1765,767,0.339,0.461,0.2
396,1prs_chain_A_frag_91_frame_27_A,1339,2087,760,0.32,0.499,0.182
397,1prs_chain_A_frag_91_frame_28_A,1533,2146,977,0.329,0.461,0.21
398,1prs_chain_A_frag_91_frame_29_A,993,1528,560,0.322,0.496,0.182
399,1prs_chain_A_frag_91_frame_3_A,1431,1991,764,0.342,0.476,0.183
400,1prs_chain_A_frag_91_frame_30_A,1480,2015,783,0.346,0.471,0.183
401,1prs_chain_A_frag_91_frame_4_A,1162,1748,660,0.325,0.49,0.185
402,1prs_chain_A_frag_91_frame_5_A,1433,2241,791,0.321,0.502,0.177
403,1prs_chain_A_frag_91_frame_6_A,1207,1798,823,0.315,0.47,0.215
404,1prs_chain_A_frag_91_frame_7_A,1371,1819,905,0.335,0.444,0.221
405,1prs_chain_A_frag_91_frame_8_A,1497,1981,893,0.342,0.453,0.204
406,1prs_chain_A_frag_91_frame_9_A,1365,1889,841,0.333,0.461,0.205
407,1qtu_chain_A_frag_0_frame_1_A,5173,8676,2987,0.307,0.515,0.177
408,1rfa_chain_A_frag_55_frame_1_A,2382,2624,989,0.397,0.438,0.165
409,1rfa_chain_A_frag_55_frame_10_A,2140,2361,855,0.4,0.441,0.16
410,1rfa_chain_A_frag_55_frame_11_A,2371,2758,976,0.388,0.452,0.16
411,1rfa_chain_A_frag_55_frame_12_A,2301,2644,941,0.391,0.449,0.16
412,1rfa_chain_A_frag_55_frame_13_A,2322,2722,951,0.387,0.454,0.159
413,1rfa_chain_A_frag_55_frame_14_A,2271,2696,919,0.386,0.458,0.156
414,1rfa_chain_A_frag_55_frame_15_A,1929,2180,841,0.39,0.44,0.17
415,1rfa_chain_A_frag_55_frame_16_A,2380,2359,932,0.42,0.416,0.164
416,1rfa_chain_A_frag_55_frame_17_A,2702,3116,1085,0.391,0.451,0.157
417,1rfa_chain_A_frag_55_frame_18_A,2543,2826,959,0.402,0.447,0.152
418,1rfa_chain_A_frag_55_frame_19_A,2447,3022,972,0.38,0.469,0.151
419,1rfa_chain_A_frag_55_frame_2_A,2570,2703,1055,0.406,0.427,0.167
420,1rfa_chain_A_frag_55_frame_20_A,2546,3485,990,0.363,0.496,0.141
421,1rfa_chain_A_frag_55_frame_21_A,2063,2484,706,0.393,0.473,0.134
422,1rfa_chain_A_frag_55_frame_22_A,1995,2167,689,0.411,0.447,0.142
423,1rfa_chain_A_frag_55_frame_23_A,2396,2856,964,0.385,0.459,0.155
424,1rfa_chain_A_frag_55_frame_24_A,2171,2512,882,0.39,0.451,0.158
425,1rfa_chain_A_frag_55_frame_25_A,2717,2864,1205,0.4,0.422,0.178
426,1rfa_chain_A_frag_55_frame_26_A,2436,2303,932,0.43,0.406,0.164
427,1rfa_chain_A_frag_55_frame_27_A,2290,2895,920,0.375,0.474,0.151
428,1rfa_chain_A_frag_55_frame_28_A,1999,2213,838,0.396,0.438,0.166
429,1rfa_chain_A_frag_55_frame_29_A,2408,2845,963,0.387,0.458,0.155
430,1rfa_chain_A_frag_55_frame_3_A,2578,2945,1032,0.393,0.449,0.157
431,1rfa_chain_A_frag_55_frame_30_A,2465,3059,1031,0.376,0.467,0.157
432,1rfa_chain_A_frag_55_frame_4_A,2264,2558,849,0.399,0.451,0.15
433,1rfa_chain_A_frag_55_frame_5_A,2348,2699,839,0.399,0.459,0.143
434,1rfa_chain_A_frag_55_frame_6_A,2462,2561,972,0.411,0.427,0.162
435,1rfa_chain_A_frag_55_frame_7_A,2265,2602,911,0.392,0.45,0.158
436,1rfa_chain_A_frag_55_frame_8_A,2154,2200,797,0.418,0.427,0.155
437,1rfa_chain_A_frag_55_frame_9_A,2560,2884,997,0.397,0.448,0.155
438,1rfa_chain_A_frag_56_frame_1_A,2177,2452,831,0.399,0.449,0.152
439,1rfa_chain_A_frag_56_frame_10_A,1953,2195,703,0.403,0.452,0.145
440,1rfa_chain_A_frag_56_frame_11_A,2160,2583,822,0.388,0.464,0.148
441,1rfa_chain_A_frag_56_frame_12_A,2102,2522,836,0.385,0.462,0.153
442,1rfa_chain_A_frag_56_frame_13_A,2077,2505,774,0.388,0.468,0.145
443,1rfa_chain_A_frag_56_frame_14_A,2103,2564,793,0.385,0.47,0.145
444,1rfa_chain_A_frag_56_frame_15_A,1748,2021,696,0.391,0.453,0.156
445,1rfa_chain_A_frag_56_frame_16_A,2192,2246,815,0.417,0.428,0.155
446,1rfa_chain_A_frag_56_frame_17_A,2476,2930,922,0.391,0.463,0.146
447,1rfa_chain_A_frag_56_frame_18_A,2345,2695,846,0.398,0.458,0.144
448,1rfa_chain_A_frag_56_frame_19_A,2237,2826,823,0.38,0.48,0.14
449,1rfa_chain_A_frag_56_frame_2_A,2404,2567,915,0.408,0.436,0.155
450,1rfa_chain_A_frag_56_frame_20_A,2316,3281,844,0.36,0.509,0.131
451,1rfa_chain_A_frag_56_frame_21_A,1913,2403,634,0.386,0.485,0.128
452,1rfa_chain_A_frag_56_frame_22_A,1820,2054,591,0.408,0.46,0.132
453,1rfa_chain_A_frag_56_frame_23_A,2196,2667,808,0.387,0.47,0.142
454,1rfa_chain_A_frag_56_frame_24_A,1978,2337,735,0.392,0.463,0.146
455,1rfa_chain_A_frag_56_frame_25_A,2497,2624,984,0.409,0.43,0.161
456,1rfa_chain_A_frag_56_frame_26_A,2254,2187,812,0.429,0.416,0.155
457,1rfa_chain_A_frag_56_frame_27_A,2086,2699,780,0.375,0.485,0.14
458,1rfa_chain_A_frag_56_frame_28_A,1811,2059,690,0.397,0.452,0.151
459,1rfa_chain_A_frag_56_frame_29_A,2193,2666,812,0.387,0.47,0.143
460,1rfa_chain_A_frag_56_frame_3_A,2366,2762,867,0.395,0.461,0.145
461,1rfa_chain_A_frag_56_frame_30_A,2257,2867,871,0.376,0.478,0.145
462,1rfa_chain_A_frag_56_frame_4_A,2072,2379,700,0.402,0.462,0.136
463,1rfa_chain_A_frag_56_frame_5_A,2138,2530,688,0.399,0.472,0.128
464,1rfa_chain_A_frag_56_frame_6_A,2289,2437,839,0.411,0.438,0.151
465,1rfa_chain_A_frag_56_frame_7_A,1988,2361,701,0.394,0.468,0.139
466,1rfa_chain_A_frag_56_frame_8_A,1974,2090,689,0.415,0.44,0.145
467,1rfa_chain_A_frag_56_frame_9_A,2353,2759,883,0.392,0.46,0.147
468,1ris_chain_A_frag_0_frame_1_A,3794,3302,1160,0.46,0.4,0.141
469,1rlq_chain_C_frag_0_frame_1_C,869,464,263,0.544,0.291,0.165
470,1ryk_chain_A_frag_0_frame_1_A,2059,4821,870,0.266,0.622,0.112
471,1ryk_chain_A_frag_0_frame_10_A,2173,4767,810,0.28,0.615,0.105
472,1ryk_chain_A_frag_0_frame_11_A,2423,4506,821,0.313,0.581,0.106
473,1ryk_chain_A_frag_0_frame_12_A,1808,4398,697,0.262,0.637,0.101
474,1ryk_chain_A_frag_0_frame_13_A,1513,3957,635,0.248,0.648,0.104
475,1ryk_chain_A_frag_0_frame_14_A,1860,4643,757,0.256,0.64,0.104
476,1ryk_chain_A_frag_0_frame_15_A,1860,4494,667,0.265,0.64,0.095
477,1ryk_chain_A_frag_0_frame_16_A,1590,4363,717,0.238,0.654,0.107
478,1ryk_chain_A_frag_0_frame_17_A,1621,3998,597,0.261,0.643,0.096
479,1ryk_chain_A_frag_0_frame_18_A,1628,4595,680,0.236,0.666,0.099
480,1ryk_chain_A_frag_0_frame_19_A,1348,4639,683,0.202,0.696,0.102
481,1ryk_chain_A_frag_0_frame_2_A,1580,4298,677,0.241,0.656,0.103
482,1ryk_chain_A_frag_0_frame_20_A,1401,4103,601,0.229,0.672,0.098
483,1ryk_chain_A_frag_0_frame_3_A,1860,5059,831,0.24,0.653,0.107
484,1ryk_chain_A_frag_0_frame_4_A,1838,4289,776,0.266,0.621,0.112
485,1ryk_chain_A_frag_0_frame_5_A,1701,4486,599,0.251,0.661,0.088
486,1ryk_chain_A_frag_0_frame_6_A,1606,4053,557,0.258,0.652,0.09
487,1ryk_chain_A_frag_0_frame_7_A,2135,3582,724,0.331,0.556,0.112
488,1ryk_chain_A_frag_0_frame_8_A,1815,4179,561,0.277,0.638,0.086
489,1ryk_chain_A_frag_0_frame_9_A,1615,4646,642,0.234,0.673,0.093
490,1sb0_chain_A_frag_0_frame_1_A,2222,8310,944,0.194,0.724,0.082
491,1sb0_chain_A_frag_0_frame_10_A,1762,8294,822,0.162,0.762,0.076
492,1sb0_chain_A_frag_0_frame_11_A,1524,8412,795,0.142,0.784,0.074
493,1sb0_chain_A_frag_0_frame_12_A,1980,8064,834,0.182,0.741,0.077
494,1sb0_chain_A_frag_0_frame_13_A,1446,8282,712,0.139,0.793,0.068
495,1sb0_chain_A_frag_0_frame_14_A,1427,8159,710,0.139,0.792,0.069
496,1sb0_chain_A_frag_0_frame_15_A,1254,8366,676,0.122,0.813,0.066
497,1sb0_chain_A_frag_0_frame_16_A,1845,8832,799,0.161,0.77,0.07
498,1sb0_chain_A_frag_0_frame_17_A,1884,8144,850,0.173,0.749,0.078
499,1sb0_chain_A_frag_0_frame_18_A,1682,8448,748,0.155,0.777,0.069
500,1sb0_chain_A_frag_0_frame_19_A,1632,8303,796,0.152,0.774,0.074
501,1sb0_chain_A_frag_0_frame_2_A,1671,9003,802,0.146,0.785,0.07
502,1sb0_chain_A_frag_0_frame_20_A,1577,7569,724,0.16,0.767,0.073
503,1sb0_chain_A_frag_0_frame_3_A,2071,8913,951,0.174,0.747,0.08
504,1sb0_chain_A_frag_0_frame_4_A,1409,8889,728,0.128,0.806,0.066
505,1sb0_chain_A_frag_0_frame_5_A,1651,7349,730,0.17,0.755,0.075
506,1sb0_chain_A_frag_0_frame_6_A,1538,8161,741,0.147,0.782,0.071
507,1sb0_chain_A_frag_0_frame_7_A,1764,8338,776,0.162,0.767,0.071
508,1sb0_chain_A_frag_0_frame_8_A,1837,7806,797,0.176,0.748,0.076
509,1sb0_chain_A_frag_0_frame_9_A,1770,8734,821,0.156,0.771,0.072
510,1sha_chain_A_frag_0_frame_1_A,2471,5746,1099,0.265,0.617,0.118
511,1shg_chain_A_frag_0_frame_1_A,1583,963,535,0.514,0.313,0.174
512,1ss1_chain_A_frag_0_frame_1_A,1082,3313,555,0.219,0.669,0.112
513,1ss1_chain_A_frag_0_frame_10_A,787,3018,473,0.184,0.705,0.111
514,1ss1_chain_A_frag_0_frame_11_A,998,3195,560,0.21,0.672,0.118
515,1ss1_chain_A_frag_0_frame_12_A,1186,3105,659,0.24,0.627,0.133
516,1ss1_chain_A_frag_0_frame_13_A,1295,2999,656,0.262,0.606,0.133
517,1ss1_chain_A_frag_0_frame_14_A,751,2813,441,0.188,0.702,0.11
518,1ss1_chain_A_frag_0_frame_15_A,1081,3093,579,0.227,0.651,0.122
519,1ss1_chain_A_frag_0_frame_16_A,967,2902,502,0.221,0.664,0.115
520,1ss1_chain_A_frag_0_frame_17_A,1282,2948,621,0.264,0.608,0.128
521,1ss1_chain_A_frag_0_frame_18_A,941,2851,486,0.22,0.666,0.114
522,1ss1_chain_A_frag_0_frame_19_A,1153,3184,613,0.233,0.643,0.124
523,1ss1_chain_A_frag_0_frame_2_A,944,2995,526,0.211,0.671,0.118
524,1ss1_chain_A_frag_0_frame_20_A,1009,2855,507,0.231,0.653,0.116
525,1ss1_chain_A_frag_0_frame_21_A,899,2804,483,0.215,0.67,0.115
526,1ss1_chain_A_frag_0_frame_22_A,1158,3275,617,0.229,0.649,0.122
527,1ss1_chain_A_frag_0_frame_23_A,985,3128,543,0.212,0.672,0.117
528,1ss1_chain_A_frag_0_frame_24_A,1163,3250,637,0.23,0.644,0.126
529,1ss1_chain_A_frag_0_frame_25_A,1020,3003,537,0.224,0.659,0.118
530,1ss1_chain_A_frag_0_frame_26_A,1128,3382,641,0.219,0.657,0.124
531,1ss1_chain_A_frag_0_frame_3_A,954,2915,502,0.218,0.667,0.115
532,1ss1_chain_A_frag_0_frame_4_A,1004,3030,526,0.22,0.664,0.115
533,1ss1_chain_A_frag_0_frame_5_A,926,3126,508,0.203,0.686,0.111
534,1ss1_chain_A_frag_0_frame_6_A,833,3041,497,0.191,0.696,0.114
535,1ss1_chain_A_frag_0_frame_7_A,1263,3224,664,0.245,0.626,0.129
536,1ss1_chain_A_frag_0_frame_8_A,1157,3274,619,0.229,0.648,0.123
537,1ss1_chain_A_frag_0_frame_9_A,957,3066,537,0.21,0.672,0.118
538,1st7_chain_A_frag_0_frame_1_A,2204,6361,751,0.237,0.683,0.081
539,1st7_chain_A_frag_0_frame_10_A,1536,5985,607,0.189,0.736,0.075
540,1st7_chain_A_frag_0_frame_11_A,1977,5976,693,0.229,0.691,0.08
541,1st7_chain_A_frag_0_frame_12_A,2228,6391,697,0.239,0.686,0.075
542,1st7_chain_A_frag_0_frame_13_A,2297,6679,754,0.236,0.686,0.077
543,1st7_chain_A_frag_0_frame_14_A,2119,6144,782,0.234,0.679,0.086
544,1st7_chain_A_frag_0_frame_15_A,2506,7245,834,0.237,0.684,0.079
545,1st7_chain_A_frag_0_frame_16_A,1703,5796,629,0.21,0.713,0.077
546,1st7_chain_A_frag_0_frame_17_A,2120,6345,715,0.231,0.691,0.078
547,1st7_chain_A_frag_0_frame_18_A,1768,5656,577,0.221,0.707,0.072
548,1st7_chain_A_frag_0_frame_19_A,2210,6377,729,0.237,0.685,0.078
549,1st7_chain_A_frag_0_frame_2_A,1861,5983,671,0.219,0.703,0.079
550,1st7_chain_A_frag_0_frame_20_A,1885,5743,628,0.228,0.696,0.076
551,1st7_chain_A_frag_0_frame_3_A,2002,6969,759,0.206,0.716,0.078
552,1st7_chain_A_frag_0_frame_4_A,1625,6034,597,0.197,0.731,0.072
553,1st7_chain_A_frag_0_frame_5_A,1927,5874,714,0.226,0.69,0.084
554,1st7_chain_A_frag_0_frame_6_A,2047,6159,705,0.23,0.691,0.079
555,1st7_chain_A_frag_0_frame_7_A,2122,6206,717,0.235,0.686,0.079
556,1st7_chain_A_frag_0_frame_8_A,2323,6623,784,0.239,0.681,0.081
557,1st7_chain_A_frag_0_frame_9_A,1827,5412,636,0.232,0.687,0.081
558,1ten_chain_A_frag_0_frame_1_A,1925,1776,955,0.413,0.381,0.205
559,1ubq_chain_A_frag_0_frame_1_A,1586,1834,585,0.396,0.458,0.146
560,1uzc_chain_A_frag_0_frame_1_A,1586,4091,878,0.242,0.624,0.134
561,1uzc_chain_A_frag_0_frame_10_A,1480,3945,791,0.238,0.635,0.127
562,1uzc_chain_A_frag_0_frame_11_A,1632,4237,917,0.24,0.624,0.135
563,1uzc_chain_A_frag_0_frame_12_A,1662,3949,944,0.254,0.602,0.144
564,1uzc_chain_A_frag_0_frame_13_A,1627,3914,900,0.253,0.608,0.14
565,1uzc_chain_A_frag_0_frame_14_A,1717,4109,960,0.253,0.606,0.141
566,1uzc_chain_A_frag_0_frame_15_A,1450,3751,794,0.242,0.626,0.132
567,1uzc_chain_A_frag_0_frame_16_A,1573,4227,870,0.236,0.634,0.13
568,1uzc_chain_A_frag_0_frame_17_A,1568,4010,863,0.243,0.623,0.134
569,1uzc_chain_A_frag_0_frame_18_A,1666,4046,958,0.25,0.607,0.144
570,1uzc_chain_A_frag_0_frame_19_A,1450,4166,825,0.225,0.647,0.128
571,1uzc_chain_A_frag_0_frame_2_A,1580,4006,855,0.245,0.622,0.133
572,1uzc_chain_A_frag_0_frame_20_A,1370,4079,767,0.22,0.656,0.123
573,1uzc_chain_A_frag_0_frame_21_A,1652,3902,887,0.256,0.606,0.138
574,1uzc_chain_A_frag_0_frame_22_A,1473,3923,820,0.237,0.631,0.132
575,1uzc_chain_A_frag_0_frame_23_A,1497,4007,824,0.237,0.633,0.13
576,1uzc_chain_A_frag_0_frame_3_A,1358,4101,757,0.218,0.66,0.122
577,1uzc_chain_A_frag_0_frame_4_A,1525,4158,872,0.233,0.634,0.133
578,1uzc_chain_A_frag_0_frame_5_A,1497,4091,853,0.232,0.635,0.132
579,1uzc_chain_A_frag_0_frame_6_A,1934,4580,1112,0.254,0.601,0.146
580,1uzc_chain_A_frag_0_frame_7_A,1527,4063,851,0.237,0.631,0.132
581,1uzc_chain_A_frag_0_frame_8_A,1523,4078,840,0.236,0.633,0.13
582,1uzc_chain_A_frag_0_frame_9_A,1388,4033,795,0.223,0.649,0.128
583,1w4e_chain_A_frag_0_frame_1_A,457,858,281,0.286,0.538,0.176
584,1w4e_chain_A_frag_0_frame_10_A,481,975,314,0.272,0.551,0.177
585,1w4e_chain_A_frag_0_frame_11_A,530,1012,349,0.28,0.535,0.185
586,1w4e_chain_A_frag_0_frame_12_A,579,1162,404,0.27,0.542,0.188
587,1w4e_chain_A_frag_0_frame_13_A,569,1075,372,0.282,0.533,0.185
588,1w4e_chain_A_frag_0_frame_14_A,528,1107,381,0.262,0.549,0.189
589,1w4e_chain_A_frag_0_frame_15_A,483,973,314,0.273,0.55,0.177
590,1w4e_chain_A_frag_0_frame_16_A,608,1066,406,0.292,0.512,0.195
591,1w4e_chain_A_frag_0_frame_17_A,587,973,393,0.301,0.498,0.201
592,1w4e_chain_A_frag_0_frame_18_A,597,1322,427,0.254,0.564,0.182
593,1w4e_chain_A_frag_0_frame_19_A,561,1019,373,0.287,0.522,0.191
594,1w4e_chain_A_frag_0_frame_2_A,578,1099,403,0.278,0.528,0.194
595,1w4e_chain_A_frag_0_frame_20_A,545,1114,357,0.27,0.553,0.177
596,1w4e_chain_A_frag_0_frame_3_A,540,937,353,0.295,0.512,0.193
597,1w4e_chain_A_frag_0_frame_4_A,604,1229,445,0.265,0.54,0.195
598,1w4e_chain_A_frag_0_frame_5_A,594,1092,394,0.286,0.525,0.189
599,1w4e_chain_A_frag_0_frame_6_A,519,1082,352,0.266,0.554,0.18
600,1w4e_chain_A_frag_0_frame_7_A,566,915,349,0.309,0.5,0.191
601,1w4e_chain_A_frag_0_frame_8_A,520,910,340,0.294,0.514,0.192
602,1w4e_chain_A_frag_0_frame_9_A,506,1036,349,0.268,0.548,0.185
603,1wit_chain_A_frag_0_frame_1_A,4627,2893,2210,0.476,0.297,0.227
604,1yyj_chain_A_frag_0_frame_1_A,1286,11193,724,0.097,0.848,0.055
605,1yyj_chain_A_frag_0_frame_10_A,1061,9784,631,0.092,0.853,0.055
606,1yyj_chain_A_frag_0_frame_2_A,1315,9960,660,0.11,0.835,0.055
607,1yyj_chain_A_frag_0_frame_3_A,1166,9959,656,0.099,0.845,0.056
608,1yyj_chain_A_frag_0_frame_4_A,1106,10475,665,0.09,0.855,0.054
609,1yyj_chain_A_frag_0_frame_5_A,1119,9579,627,0.099,0.846,0.055
610,1yyj_chain_A_frag_0_frame_6_A,1074,9632,619,0.095,0.851,0.055
611,1yyj_chain_A_frag_0_frame_7_A,1178,10389,679,0.096,0.848,0.055
612,1yyj_chain_A_frag_0_frame_8_A,868,9416,594,0.08,0.866,0.055
613,1yyj_chain_A_frag_0_frame_9_A,997,10119,665,0.085,0.859,0.056
614,2a3d_chain_A_frag_0_frame_1_A,575,2884,282,0.154,0.771,0.075
615,2abd_chain_A_frag_0_frame_1_A,3869,7449,1243,0.308,0.593,0.099
616,2abd_chain_A_frag_0_frame_10_A,3907,7759,1214,0.303,0.602,0.094
617,2abd_chain_A_frag_0_frame_11_A,4111,7693,1237,0.315,0.59,0.095
618,2abd_chain_A_frag_0_frame_12_A,4126,8185,1384,0.301,0.598,0.101
619,2abd_chain_A_frag_0_frame_13_A,4316,7658,1392,0.323,0.573,0.104
620,2abd_chain_A_frag_0_frame_14_A,3961,7985,1257,0.3,0.605,0.095
621,2abd_chain_A_frag_0_frame_15_A,3697,6976,1108,0.314,0.592,0.094
622,2abd_chain_A_frag_0_frame_16_A,4085,8276,1334,0.298,0.604,0.097
623,2abd_chain_A_frag_0_frame_17_A,3726,7013,1196,0.312,0.588,0.1
624,2abd_chain_A_frag_0_frame_18_A,3616,7931,1173,0.284,0.624,0.092
625,2abd_chain_A_frag_0_frame_19_A,4389,8440,1367,0.309,0.595,0.096
626,2abd_chain_A_frag_0_frame_2_A,3683,7655,1223,0.293,0.609,0.097
627,2abd_chain_A_frag_0_frame_20_A,3792,7297,1157,0.31,0.596,0.094
628,2abd_chain_A_frag_0_frame_21_A,3979,7983,1241,0.301,0.605,0.094
629,2abd_chain_A_frag_0_frame_22_A,3807,8155,1241,0.288,0.618,0.094
630,2abd_chain_A_frag_0_frame_23_A,3680,6657,1139,0.321,0.58,0.099
631,2abd_chain_A_frag_0_frame_24_A,4120,7806,1277,0.312,0.591,0.097
632,2abd_chain_A_frag_0_frame_25_A,3561,7500,1185,0.291,0.612,0.097
633,2abd_chain_A_frag_0_frame_26_A,3758,7424,1221,0.303,0.599,0.098
634,2abd_chain_A_frag_0_frame_27_A,3149,6870,1007,0.286,0.623,0.091
635,2abd_chain_A_frag_0_frame_28_A,4219,8184,1292,0.308,0.598,0.094
636,2abd_chain_A_frag_0_frame_29_A,3924,7096,1226,0.32,0.579,0.1
637,2abd_chain_A_frag_0_frame_3_A,4288,7662,1253,0.325,0.58,0.095
638,2abd_chain_A_frag_0_frame_4_A,4372,7532,1299,0.331,0.57,0.098
639,2abd_chain_A_frag_0_frame_5_A,4011,7871,1321,0.304,0.596,0.1
640,2abd_chain_A_frag_0_frame_6_A,3892,7392,1277,0.31,0.588,0.102
641,2abd_chain_A_frag_0_frame_7_A,3634,7156,1145,0.304,0.6,0.096
642,2abd_chain_A_frag_0_frame_8_A,4330,7883,1317,0.32,0.583,0.097
643,2abd_chain_A_frag_0_frame_9_A,3845,7605,1270,0.302,0.598,0.1
644,2hbb_chain_A_frag_0_frame_1_A,564,1452,262,0.248,0.637,0.115
645,2jws_chain_A_frag_0_frame_1_A,645,2230,446,0.194,0.671,0.134
646,2jws_chain_A_frag_0_frame_10_A,587,2307,427,0.177,0.695,0.129
647,2jws_chain_A_frag_0_frame_11_A,646,2011,424,0.21,0.653,0.138
648,2jws_chain_A_frag_0_frame_12_A,659,2359,468,0.189,0.677,0.134
649,2jws_chain_A_frag_0_frame_13_A,680,1896,427,0.226,0.631,0.142
650,2jws_chain_A_frag_0_frame_14_A,858,2201,511,0.24,0.617,0.143
651,2jws_chain_A_frag_0_frame_15_A,625,2119,416,0.198,0.671,0.132
652,2jws_chain_A_frag_0_frame_16_A,709,2300,477,0.203,0.66,0.137
653,2jws_chain_A_frag_0_frame_17_A,670,2280,453,0.197,0.67,0.133
654,2jws_chain_A_frag_0_frame_18_A,665,2056,439,0.21,0.651,0.139
655,2jws_chain_A_frag_0_frame_19_A,698,2395,477,0.196,0.671,0.134
656,2jws_chain_A_frag_0_frame_2_A,650,2283,470,0.191,0.671,0.138
657,2jws_chain_A_frag_0_frame_20_A,510,1905,360,0.184,0.686,0.13
658,2jws_chain_A_frag_0_frame_3_A,601,2115,444,0.19,0.669,0.141
659,2jws_chain_A_frag_0_frame_4_A,672,2101,467,0.207,0.648,0.144
660,2jws_chain_A_frag_0_frame_5_A,602,2121,437,0.191,0.671,0.138
661,2jws_chain_A_frag_0_frame_6_A,608,2185,447,0.188,0.674,0.138
662,2jws_chain_A_frag_0_frame_7_A,609,2040,432,0.198,0.662,0.14
663,2jws_chain_A_frag_0_frame_8_A,667,2209,445,0.201,0.665,0.134
664,2jws_chain_A_frag_0_frame_9_A,555,2193,412,0.176,0.694,0.13
665,2ptl_chain_A_frag_0_frame_1_A,940,1220,541,0.348,0.452,0.2
666,2ptl_chain_A_frag_0_frame_10_A,1106,1558,576,0.341,0.481,0.178
667,2ptl_chain_A_frag_0_frame_11_A,1021,1032,575,0.389,0.393,0.219
668,2ptl_chain_A_frag_0_frame_12_A,917,1237,474,0.349,0.471,0.18
669,2ptl_chain_A_frag_0_frame_13_A,897,1351,453,0.332,0.5,0.168
670,2ptl_chain_A_frag_0_frame_14_A,1282,1960,763,0.32,0.489,0.191
671,2ptl_chain_A_frag_0_frame_15_A,1159,1681,646,0.332,0.482,0.185
672,2ptl_chain_A_frag_0_frame_16_A,885,1193,478,0.346,0.467,0.187
673,2ptl_chain_A_frag_0_frame_17_A,951,1178,572,0.352,0.436,0.212
674,2ptl_chain_A_frag_0_frame_18_A,889,1397,489,0.32,0.503,0.176
675,2ptl_chain_A_frag_0_frame_19_A,969,1471,486,0.331,0.503,0.166
676,2ptl_chain_A_frag_0_frame_2_A,1016,1307,527,0.356,0.459,0.185
677,2ptl_chain_A_frag_0_frame_20_A,1105,1372,604,0.359,0.445,0.196
678,2ptl_chain_A_frag_0_frame_21_A,1116,1735,552,0.328,0.51,0.162
679,2ptl_chain_A_frag_0_frame_3_A,1156,1636,611,0.34,0.481,0.18
680,2ptl_chain_A_frag_0_frame_4_A,903,1245,553,0.334,0.461,0.205
681,2ptl_chain_A_frag_0_frame_5_A,982,1111,535,0.374,0.423,0.204
682,2ptl_chain_A_frag_0_frame_6_A,832,1451,418,0.308,0.537,0.155
683,2ptl_chain_A_frag_0_frame_7_A,915,1205,508,0.348,0.459,0.193
684,2ptl_chain_A_frag_0_frame_8_A,1397,1798,721,0.357,0.459,0.184
685,2ptl_chain_A_frag_0_frame_9_A,961,1335,554,0.337,0.468,0.194
686,2vh7_chain_A_frag_0_frame_1_A,4843,2848,2894,0.458,0.269,0.273
687,2vik_chain_A_frag_0_frame_1_A,4931,8023,2446,0.32,0.521,0.159
688,2vwf_chain_A_frag_0_frame_1_A,1270,775,440,0.511,0.312,0.177
689,2vxd_chain_A_frag_0_frame_1_A,655,2906,444,0.164,0.726,0.111
690,2vxd_chain_A_frag_0_frame_10_A,538,2552,396,0.154,0.732,0.114
691,2vxd_chain_A_frag_0_frame_11_A,589,2574,407,0.165,0.721,0.114
692,2vxd_chain_A_frag_0_frame_12_A,607,2627,421,0.166,0.719,0.115
693,2vxd_chain_A_frag_0_frame_13_A,709,2916,470,0.173,0.712,0.115
694,2vxd_chain_A_frag_0_frame_14_A,689,2684,455,0.18,0.701,0.119
695,2vxd_chain_A_frag_0_frame_15_A,643,2461,382,0.184,0.706,0.11
696,2vxd_chain_A_frag_0_frame_16_A,684,2685,459,0.179,0.701,0.12
697,2vxd_chain_A_frag_0_frame_17_A,477,2705,388,0.134,0.758,0.109
698,2vxd_chain_A_frag_0_frame_18_A,659,2975,461,0.161,0.726,0.113
699,2vxd_chain_A_frag_0_frame_19_A,622,2774,432,0.162,0.725,0.113
700,2vxd_chain_A_frag_0_frame_2_A,721,2746,449,0.184,0.701,0.115
701,2vxd_chain_A_frag_0_frame_20_A,669,2802,445,0.171,0.716,0.114
702,2vxd_chain_A_frag_0_frame_3_A,729,2727,460,0.186,0.696,0.117
703,2vxd_chain_A_frag_0_frame_4_A,678,2789,449,0.173,0.712,0.115
704,2vxd_chain_A_frag_0_frame_5_A,634,2826,456,0.162,0.722,0.116
705,2vxd_chain_A_frag_0_frame_6_A,817,2742,446,0.204,0.685,0.111
706,2vxd_chain_A_frag_0_frame_7_A,652,2809,455,0.166,0.717,0.116
707,2vxd_chain_A_frag_0_frame_8_A,621,2758,449,0.162,0.72,0.117
708,2vxd_chain_A_frag_0_frame_9_A,880,2963,528,0.201,0.678,0.121
709,3kz3_chain_A_frag_0_frame_1_A,1191,6098,586,0.151,0.774,0.074
